,GRE Score,TOEFL Score,University Rating,SOP,LOR,CGPA,Research_1,Chance of Admit
0,1.76210664421617,1.7469706406568504,0.7988286239230257,1.0938642223599824,1.167321139201246,1.7648182796261376,True,1
1,0.6276564089897139,-0.06763531281107672,0.7988286239230257,0.5966532121963541,1.167321139201246,0.4551512643242912,True,1
2,-0.07046681268810527,-0.5625278455750569,-0.0766000050337147,-0.3977688081309026,0.052933416813421515,-1.0056311758200724,True,0
3,0.4531256035702591,0.4272572199529034,-0.0766000050337147,0.09944220203272576,-1.0614543055744028,0.11933920911869125,True,1
4,-0.24499761810756004,-0.7274920231630502,-0.952028633990455,-1.3921908284581592,-0.5042604443804907,-0.6530285178541898,False,0
5,1.1512488252480781,1.2520781078928702,1.674257252879766,1.0938642223599824,-0.5042604443804907,1.244309594057455,True,1
6,0.36586020086053167,0.26229304236491,-0.0766000050337147,-0.3977688081309026,0.6101272780073337,-0.6698191206144725,True,1
7,-0.7685900343659244,-1.057420378339037,-0.952028633990455,-0.3977688081309026,0.6101272780073337,-1.1735372034228724,False,0
8,-1.2921824506242887,-0.8924562007510436,-1.8274572629471952,-1.3921908284581592,-2.175842027962227,-1.0056311758200724,False,0
9,0.5403910062799865,0.09732886477691666,-0.0766000050337147,0.09944220203272576,-0.5042604443804907,0.0018049897967303734,False,0
10,0.7149218116994412,-0.2325994903990701,-0.0766000050337147,0.09944220203272576,0.6101272780073337,-0.3340070654088696,True,0
11,0.889452617118896,0.5922213975408968,0.7988286239230257,0.5966532121963541,1.167321139201246,0.6734291002079332,True,1
12,0.9767180198286235,0.7571855751288902,0.7988286239230257,0.5966532121963541,1.167321139201246,0.8413351278107333,True,1
13,-0.8558554370756518,0.26229304236491,-0.0766000050337147,0.5966532121963541,-0.5042604443804907,-1.0056311758200724,True,0
14,-0.5067938262367422,-0.5625278455750569,-0.0766000050337147,0.09944220203272576,-1.618648166768315,-0.6698191206144725,True,0
15,-0.24499761810756004,-0.39756366798706344,-0.0766000050337147,0.09944220203272576,-1.0614543055744028,-0.5019130930116695,False,0
16,0.016798590021622126,-0.06763531281107672,-0.0766000050337147,0.5966532121963541,-0.5042604443804907,0.16971101739953035,False,0
17,0.1913293954410769,-0.2325994903990701,-0.0766000050337147,0.5966532121963541,-0.5042604443804907,-1.0056311758200724,True,0
18,0.10406399273134952,0.4272572199529034,-0.0766000050337147,0.5966532121963541,-0.5042604443804907,0.3376170450023333,False,0
19,-1.2049170479145614,-0.8924562007510436,-0.0766000050337147,0.09944220203272576,-0.5042604443804907,-0.1661010378060696,False,0
20,-0.41952842352701486,-0.06763531281107672,-0.0766000050337147,-0.3977688081309026,-1.618648166768315,-1.1735372034228724,True,0
21,0.7149218116994412,1.087113930304877,0.7988286239230257,-0.3977688081309026,-1.618648166768315,-0.3340070654088696,False,0
22,0.9767180198286235,1.4170422854808635,1.674257252879766,1.5910752325236108,1.724515000395158,1.5129592382219361,True,1
23,1.5003104360869879,1.9119348182448437,1.674257252879766,1.5910752325236108,1.167321139201246,1.848771293427536,True,1
24,1.6748412415064426,1.9119348182448437,1.674257252879766,0.5966532121963541,0.052933416813421515,2.016677321030339,True,1
25,2.023902852345352,2.076898995832837,1.674257252879766,1.0938642223599824,1.167321139201246,1.680865265824736,True,1
26,0.4531256035702591,0.26229304236491,1.674257252879766,1.0938642223599824,0.052933416813421515,0.3376170450023333,False,1
27,-1.6412440614631982,-1.5523129111030172,-0.952028633990455,-1.8894018386217877,-1.0614543055744028,-1.8451613138340752,True,0
28,-1.9030402695923805,-2.377133799042984,-1.8274572629471952,-1.3921908284581592,-1.618648166768315,-2.348879396642477,False,0
29,-0.5940592289464697,-1.3873487335150236,-0.952028633990455,-1.8894018386217877,-1.618648166768315,-2.180973369039677,False,0
30,-1.4667132560437435,-1.7172770886910105,-0.952028633990455,-0.3977688081309026,-0.5042604443804907,-0.8377251482172725,True,0
31,0.889452617118896,-0.7274920231630502,-0.0766000050337147,0.5966532121963541,0.6101272780073337,-0.5019130930116695,True,0
32,1.8493720469258974,1.7469706406568504,0.7988286239230257,-0.3977688081309026,1.167321139201246,1.3450532106191362,True,1
33,2.023902852345352,1.087113930304877,1.674257252879766,0.5966532121963541,0.6101272780073337,1.680865265824736,True,1
34,1.2385142279578056,0.7571855751288902,1.674257252879766,0.5966532121963541,1.724515000395158,2.016677321030339,True,1
35,0.2785947981508043,0.4272572199529034,1.674257252879766,1.5910752325236108,1.724515000395158,1.0092411554135332,True,1
36,-1.553978658753471,-0.2325994903990701,-0.952028633990455,0.5966532121963541,0.6101272780073337,-0.3340070654088696,False,0
37,-1.4667132560437435,-0.39756366798706344,-1.8274572629471952,-2.386612848785416,-1.618648166768315,-1.3414432310256739,False,0
38,-1.117651645204834,-0.39756366798706344,-1.8274572629471952,-0.3977688081309026,-2.175842027962227,-1.8451613138340752,False,0
39,-0.8558554370756518,0.09732886477691666,-0.952028633990455,0.5966532121963541,0.052933416813421515,-1.5093492586284738,False,0
40,-0.7685900343659244,0.4272572199529034,-0.0766000050337147,0.09944220203272576,-0.5042604443804907,-1.0056311758200724,True,0
41,-0.07046681268810527,-0.39756366798706344,-0.952028633990455,-0.8949798182945309,-1.0614543055744028,-0.6698191206144725,True,0
42,-0.3322630208172874,-0.06763531281107672,-0.952028633990455,-0.8949798182945309,-1.618648166768315,-0.1661010378060696,True,0
43,1.3257796306675331,1.582006463068857,0.7988286239230257,1.0938642223599824,0.6101272780073337,0.8413351278107333,False,1
44,0.8021872144091686,0.9221497527168835,1.674257252879766,1.0938642223599824,0.6101272780073337,1.3450532106191362,True,1
45,0.4531256035702591,0.4272572199529034,1.674257252879766,1.5910752325236108,0.6101272780073337,0.8413351278107333,True,1
46,1.0639834225383509,1.087113930304877,1.674257252879766,0.5966532121963541,1.724515000395158,1.1771471830163363,True,1
47,1.9366374496356247,1.9119348182448437,1.674257252879766,1.0938642223599824,0.6101272780073337,1.848771293427536,False,1
48,0.36586020086053167,0.4272572199529034,-0.0766000050337147,0.09944220203272576,1.724515000395158,0.42157005880373183,True,1
49,0.889452617118896,0.5922213975408968,0.7988286239230257,-0.3977688081309026,0.6101272780073337,-0.3340070654088696,True,1
50,-0.3322630208172874,-1.5523129111030172,-0.0766000050337147,-0.8949798182945309,1.167321139201246,-0.5019130930116695,True,1
51,-0.41952842352701486,-1.2223845559270303,-0.952028633990455,-1.8894018386217877,0.052933416813421515,-1.1735372034228724,True,0
52,1.5003104360869879,1.4170422854808635,0.7988286239230257,0.5966532121963541,-0.5042604443804907,-1.0056311758200724,True,1
53,0.6276564089897139,0.7571855751288902,0.7988286239230257,0.5966532121963541,-1.0614543055744028,-0.8377251482172725,True,0
54,0.4531256035702591,0.4272572199529034,-0.0766000050337147,-0.3977688081309026,0.052933416813421515,-1.0056311758200724,False,0
55,0.2785947981508043,-0.7274920231630502,-0.0766000050337147,-0.3977688081309026,-0.5042604443804907,-1.5093492586284738,False,0
56,-0.07046681268810527,-0.8924562007510436,-0.0766000050337147,-1.3921908284581592,-0.5042604443804907,-2.013067341436875,False,0
57,-1.6412440614631982,-1.3873487335150236,-0.952028633990455,0.5966532121963541,-1.618648166768315,-1.6772552862312753,False,0
58,-1.4667132560437435,-1.3873487335150236,-1.8274572629471952,-0.3977688081309026,-1.618648166768315,-3.0205035070536796,True,0
59,-0.5067938262367422,-0.5625278455750569,-0.952028633990455,-1.3921908284581592,-1.618648166768315,-0.5019130930116695,False,0
60,-0.681324631656197,-1.2223845559270303,-0.952028633990455,-0.3977688081309026,-0.5042604443804907,-0.8377251482172725,False,0
61,-0.8558554370756518,-1.057420378339037,-0.0766000050337147,0.5966532121963541,-0.5042604443804907,-0.6698191206144725,False,0
62,-1.117651645204834,-0.39756366798706344,-0.952028633990455,-0.3977688081309026,-0.5042604443804907,-0.6698191206144725,True,0
63,-0.15773221539783266,-0.06763531281107672,-0.952028633990455,0.5966532121963541,-0.5042604443804907,-0.1661010378060696,True,0
64,0.7149218116994412,0.5922213975408968,-0.0766000050337147,-0.3977688081309026,0.052933416813421515,0.16971101739953035,False,0
65,0.7149218116994412,0.7571855751288902,0.7988286239230257,0.09944220203272576,0.052933416813421515,0.5391042781256927,False,0
66,0.889452617118896,1.087113930304877,-0.0766000050337147,-0.3977688081309026,-0.5042604443804907,0.7070103057284927,False,0
67,-0.07046681268810527,-0.06763531281107672,-0.952028633990455,0.09944220203272576,0.052933416813421515,0.06896740083785215,True,0
68,0.10406399273134952,0.26229304236491,-0.0766000050337147,0.09944220203272576,0.6101272780073337,1.0428223609340956,True,0
69,0.9767180198286235,1.2520781078928702,0.7988286239230257,1.0938642223599824,0.6101272780073337,0.9420787443724145,True,1
70,1.3257796306675331,1.7469706406568504,1.674257252879766,1.5910752325236108,1.724515000395158,1.7480276768658578,True,1
71,1.6748412415064426,0.7571855751288902,1.674257252879766,1.5910752325236108,1.724515000395158,1.9495149099892173,True,1
72,0.36586020086053167,0.5922213975408968,1.674257252879766,1.5910752325236108,1.724515000395158,1.4290062244205346,True,1
73,-0.24499761810756004,0.09732886477691666,0.7988286239230257,1.0938642223599824,0.6101272780073337,0.7405915112490521,True,1
74,-0.24499761810756004,-0.2325994903990701,-0.0766000050337147,-0.3977688081309026,1.724515000395158,0.5055230726051333,False,0
75,1.0639834225383509,1.087113930304877,-0.952028633990455,-1.3921908284581592,0.6101272780073337,-0.06535742124438843,True,0
76,0.889452617118896,0.7571855751288902,-0.0766000050337147,-0.3977688081309026,-0.5042604443804907,0.20329222292009272,True,0
77,-1.3794478533340162,-1.3873487335150236,-0.952028633990455,-0.3977688081309026,-1.618648166768315,-0.6362379150939101,False,0
78,-1.8157748668826532,-2.0472054438669973,-0.952028633990455,-0.3977688081309026,-1.618648166768315,-1.777998902792955,True,0
79,-1.990305672302108,-2.377133799042984,-1.8274572629471952,-1.8894018386217877,-1.618648166768315,-2.0802297524779956,False,0
80,-0.41952842352701486,-0.39756366798706344,-0.0766000050337147,-1.3921908284581592,-0.5042604443804907,-0.972049970299513,True,0
81,2.023902852345352,2.076898995832837,0.7988286239230257,1.5910752325236108,1.724515000395158,1.5129592382219361,True,1
82,0.2785947981508043,0.4272572199529034,1.674257252879766,1.5910752325236108,1.167321139201246,1.0428223609340956,True,1
83,0.4531256035702591,1.2520781078928702,1.674257252879766,0.5966532121963541,1.167321139201246,1.2778907995780144,True,1
84,2.023902852345352,1.2520781078928702,1.674257252879766,1.0938642223599824,1.167321139201246,1.4290062244205346,True,1
85,0.1913293954410769,-0.7274920231630502,0.7988286239230257,1.0938642223599824,0.052933416813421515,0.10254860635841155,False,1
86,-0.15773221539783266,-0.2325994903990701,-0.0766000050337147,1.0938642223599824,0.052933416813421515,-0.30042585988831016,False,0
87,0.016798590021622126,-0.06763531281107672,-0.952028633990455,0.09944220203272576,-0.5042604443804907,-0.535494298532232,False,0
88,-0.24499761810756004,0.09732886477691666,-0.0766000050337147,1.0938642223599824,0.052933416813421515,-0.7705627371761508,False,0
89,-0.07046681268810527,0.26229304236491,0.7988286239230257,1.0938642223599824,0.052933416813421515,0.27045463396121155,True,0
90,0.10406399273134952,-0.2325994903990701,-0.952028633990455,0.5966532121963541,0.6101272780073337,-1.139955997902313,True,0
91,-1.553978658753471,-1.7172770886910105,-0.0766000050337147,1.5910752325236108,0.052933416813421515,-1.5765116696695942,False,0
92,-1.6412440614631982,-1.5523129111030172,-0.952028633990455,0.5966532121963541,-0.5042604443804907,-0.9552593675392334,False,0
93,-1.3794478533340162,-1.7172770886910105,-0.952028633990455,-0.3977688081309026,-0.5042604443804907,-1.2071184089434333,True,0
94,-1.2049170479145614,-1.3873487335150236,-0.0766000050337147,-1.3921908284581592,-1.0614543055744028,-1.5765116696695942,False,0
95,-1.117651645204834,-1.2223845559270303,0.7988286239230257,-1.8894018386217877,-1.0614543055744028,-1.2742808199845537,False,0
96,-0.9431208397853792,-1.2223845559270303,-0.952028633990455,-0.3977688081309026,-0.5042604443804907,-1.0056311758200724,False,0
97,1.2385142279578056,2.076898995832837,-0.0766000050337147,0.5966532121963541,0.6101272780073337,0.6062666891668145,True,1
98,1.3257796306675331,1.9119348182448437,0.7988286239230257,1.5910752325236108,1.167321139201246,1.076403566454655,True,1
99,0.5403910062799865,0.9221497527168835,-0.0766000050337147,0.5966532121963541,0.6101272780073337,0.47194186708457386,True,1
100,0.4531256035702591,-0.06763531281107672,-0.0766000050337147,0.09944220203272576,0.052933416813421515,-0.2332634488471884,True,0
101,-0.41952842352701486,-0.39756366798706344,-0.952028633990455,-0.8949798182945309,-0.5042604443804907,-0.8041439426967131,False,0
102,-0.24499761810756004,-0.2325994903990701,-0.952028633990455,0.5966532121963541,0.052933416813421515,-0.585866106813071,False,0
103,0.016798590021622126,-0.5625278455750569,-0.952028633990455,1.0938642223599824,0.6101272780073337,-0.2164728460869087,False,0
104,0.8021872144091686,0.7571855751288902,-0.0766000050337147,0.09944220203272576,-0.5042604443804907,0.7573821140093348,True,0
105,-0.07046681268810527,0.4272572199529034,-0.0766000050337147,0.5966532121963541,1.167321139201246,0.30403583948177093,True,0
106,1.0639834225383509,0.5922213975408968,0.7988286239230257,1.0938642223599824,1.167321139201246,0.9756599498929738,True,1
107,1.8493720469258974,1.582006463068857,0.7988286239230257,0.09944220203272576,1.167321139201246,1.4457968271808173,True,1
108,1.2385142279578056,1.4170422854808635,1.674257252879766,1.5910752325236108,1.724515000395158,1.3114720050985766,True,1
109,-1.117651645204834,-0.7274920231630502,1.674257252879766,1.5910752325236108,0.6101272780073337,0.06896740083785215,False,0
110,-1.0303862424951067,0.09732886477691666,1.674257252879766,-0.3977688081309026,-0.5042604443804907,-0.199682243326629,False,0
111,0.36586020086053167,0.26229304236491,0.7988286239230257,0.5966532121963541,0.6101272780073337,0.13612981187897094,True,0
112,-1.3794478533340162,-0.06763531281107672,-0.0766000050337147,0.09944220203272576,0.052933416813421515,-0.4347506819705508,True,0
113,0.2785947981508043,0.4272572199529034,-0.952028633990455,0.5966532121963541,0.052933416813421515,-0.06535742124438843,False,0
114,-0.5067938262367422,-0.39756366798706344,-0.0766000050337147,0.09944220203272576,-0.5042604443804907,-0.2500540516074711,True,0
115,-0.5940592289464697,-0.2325994903990701,0.7988286239230257,1.0938642223599824,1.167321139201246,0.7405915112490521,True,0
116,-1.553978658753471,-0.8924562007510436,-0.0766000050337147,0.5966532121963541,0.052933416813421515,0.03538619531728977,False,0
117,-2.3393672831410175,-0.5625278455750569,0.7988286239230257,-1.3921908284581592,-1.0614543055744028,-1.9123237248751956,False,0
118,-1.8157748668826532,-1.3873487335150236,-0.952028633990455,-0.3977688081309026,0.052933416813421515,-2.214554574560236,False,0
119,0.889452617118896,-0.5625278455750569,1.674257252879766,-0.3977688081309026,0.052933416813421515,0.4047794560434521,True,0
120,1.5875758387967152,1.582006463068857,1.674257252879766,1.5910752325236108,1.724515000395158,1.6137028547836172,True,1
121,1.5003104360869879,1.9119348182448437,1.674257252879766,1.0938642223599824,1.167321139201246,1.4793780327013768,True,1
122,-0.5940592289464697,-0.2325994903990701,0.7988286239230257,-1.8894018386217877,-1.0614543055744028,-0.40116947644999135,False,0
123,-0.7685900343659244,0.09732886477691666,-0.0766000050337147,0.09944220203272576,0.052933416813421515,-0.6362379150939101,False,0
124,-1.3794478533340162,-0.2325994903990701,0.7988286239230257,-0.8949798182945309,-0.5042604443804907,-0.2164728460869087,False,0
125,-1.4667132560437435,-1.2223845559270303,-0.0766000050337147,-1.3921908284581592,-0.5042604443804907,0.10254860635841155,True,0
126,0.5403910062799865,0.9221497527168835,-0.0766000050337147,0.5966532121963541,-0.5042604443804907,1.2107283885368956,True,1
127,0.1913293954410769,0.7571855751288902,-0.0766000050337147,-0.8949798182945309,-1.618648166768315,0.18650162015981303,True,1
128,0.8021872144091686,0.7571855751288902,-0.0766000050337147,0.09944220203272576,-0.5042604443804907,0.8413351278107333,True,1
129,1.4130450333772604,1.7469706406568504,1.674257252879766,1.5910752325236108,1.724515000395158,1.2611001968177347,True,1
130,1.9366374496356247,1.087113930304877,1.674257252879766,0.5966532121963541,1.167321139201246,1.9495149099892173,True,1
131,-1.2049170479145614,-0.39756366798706344,1.674257252879766,1.5910752325236108,1.167321139201246,0.08575800359813185,False,1
132,-0.681324631656197,-0.39756366798706344,1.674257252879766,0.09944220203272576,0.052933416813421515,-0.06535742124438843,False,0
133,0.5403910062799865,0.7571855751288902,1.674257252879766,0.5966532121963541,1.167321139201246,0.30403583948177093,False,1
134,1.4130450333772604,0.9221497527168835,1.674257252879766,0.5966532121963541,0.6101272780073337,1.1435659774957738,True,1
135,-0.24499761810756004,0.26229304236491,0.7988286239230257,0.09944220203272576,0.6101272780073337,0.2872452367214912,True,1
136,-0.41952842352701486,-0.7274920231630502,-0.0766000050337147,1.5910752325236108,0.6101272780073337,-0.2500540516074711,False,1
137,-0.07046681268810527,-1.2223845559270303,-0.952028633990455,-1.8894018386217877,-0.5042604443804907,-0.7369815316555913,True,0
138,0.8021872144091686,1.4170422854808635,-0.952028633990455,1.0938642223599824,-0.5042604443804907,0.8077539222901738,True,1
139,0.10406399273134952,0.26229304236491,-1.8274572629471952,0.09944220203272576,0.052933416813421515,0.8749163333312926,False,1
140,1.0639834225383509,0.4272572199529034,-0.952028633990455,0.5966532121963541,-0.5042604443804907,0.9252881416121347,True,1
141,1.3257796306675331,1.7469706406568504,-0.952028633990455,1.0938642223599824,0.052933416813421515,1.2778907995780144,True,1
142,1.2385142279578056,1.2520781078928702,1.674257252879766,0.5966532121963541,0.052933416813421515,1.412215621660255,True,1
143,2.023902852345352,2.076898995832837,0.7988286239230257,1.0938642223599824,0.6101272780073337,2.2181645541536983,True,1
144,0.7149218116994412,0.7571855751288902,-0.952028633990455,-0.3977688081309026,0.052933416813421515,0.6062666891668145,True,1
145,0.2785947981508043,0.9221497527168835,-0.952028633990455,-1.3921908284581592,-1.0614543055744028,0.06896740083785215,True,1
146,-0.15773221539783266,-0.39756366798706344,-0.0766000050337147,-1.3921908284581592,-1.0614543055744028,-0.199682243326629,False,1
147,0.8021872144091686,1.087113930304877,-0.0766000050337147,-0.3977688081309026,-0.5042604443804907,0.8581257305710129,True,1
148,1.9366374496356247,1.4170422854808635,0.7988286239230257,0.5966532121963541,0.052933416813421515,2.016677321030339,True,1
149,-0.5067938262367422,-0.2325994903990701,-0.952028633990455,0.09944220203272576,-0.5042604443804907,-0.5690755040527913,True,1
150,1.5003104360869879,1.087113930304877,0.7988286239230257,0.5966532121963541,0.6101272780073337,1.3954250188999753,True,1
151,1.3257796306675331,1.4170422854808635,1.674257252879766,1.5910752325236108,1.724515000395158,1.1435659774957738,True,1
152,0.36586020086053167,0.7571855751288902,1.674257252879766,1.5910752325236108,1.724515000395158,0.7741727167696144,True,1
153,0.6276564089897139,-0.39756366798706344,-0.0766000050337147,-0.3977688081309026,0.6101272780073337,0.25366403120093184,False,1
154,0.8021872144091686,0.09732886477691666,-0.0766000050337147,-0.3977688081309026,0.052933416813421515,0.4887324698448536,False,1
155,-0.41952842352701486,0.26229304236491,-0.0766000050337147,-0.3977688081309026,-0.5042604443804907,0.15292041463925066,False,1
156,-0.15773221539783266,-0.39756366798706344,-0.0766000050337147,-1.3921908284581592,-1.0614543055744028,-0.4347506819705508,False,0
157,-0.681324631656197,-0.5625278455750569,-0.952028633990455,-1.3921908284581592,-1.0614543055744028,-0.5690755040527913,False,0
158,-0.9431208397853792,-0.2325994903990701,-0.952028633990455,-1.3921908284581592,-1.0614543055744028,-0.7705627371761508,False,0
159,-1.7285094641729257,-1.2223845559270303,-1.8274572629471952,-1.8894018386217877,-1.618648166768315,-1.1735372034228724,False,0
160,-0.15773221539783266,-0.7274920231630502,-1.8274572629471952,-1.8894018386217877,-1.618648166768315,-1.2406996144639928,False,0
161,-1.6412440614631982,-1.3873487335150236,-1.8274572629471952,-1.8894018386217877,-0.5042604443804907,-1.9123237248751956,False,0
162,0.10406399273134952,0.26229304236491,-0.0766000050337147,-0.3977688081309026,-0.5042604443804907,-0.1661010378060696,False,0
163,0.016798590021622126,-0.39756366798706344,-0.0766000050337147,0.09944220203272576,-0.5042604443804907,-0.06535742124438843,False,0
164,1.0639834225383509,0.5922213975408968,0.7988286239230257,1.0938642223599824,0.6101272780073337,0.690219702968213,True,1
165,0.4531256035702591,0.4272572199529034,1.674257252879766,1.0938642223599824,0.6101272780073337,0.6230572919270941,False,1
166,-1.2921824506242887,-0.8924562007510436,-0.0766000050337147,0.09944220203272576,1.724515000395158,-0.45154128473083044,False,0
167,-0.3322630208172874,-0.8924562007510436,-0.0766000050337147,-1.3921908284581592,-0.5042604443804907,-0.5522849012925116,False,0
168,-2.0775710750118352,-1.7172770886910105,-0.952028633990455,-1.3921908284581592,0.6101272780073337,-1.3414432310256739,True,0
169,-0.5067938262367422,-1.3873487335150236,-0.952028633990455,-0.8949798182945309,-0.5042604443804907,-1.0392123813406318,False,0
170,-0.41952842352701486,-1.057420378339037,-0.952028633990455,-0.8949798182945309,0.052933416813421515,-0.9384687647789537,True,0
171,1.5003104360869879,1.582006463068857,1.674257252879766,0.5966532121963541,1.167321139201246,0.7909633195298942,True,1
172,0.4531256035702591,0.4272572199529034,0.7988286239230257,0.5966532121963541,1.724515000395158,0.8917069360915754,True,1
173,0.5403910062799865,0.9221497527168835,0.7988286239230257,0.5966532121963541,1.167321139201246,1.0596129636943752,True,1
174,0.36586020086053167,0.5922213975408968,0.7988286239230257,0.5966532121963541,0.6101272780073337,0.6230572919270941,True,1
175,0.2785947981508043,0.5922213975408968,0.7988286239230257,1.0938642223599824,0.052933416813421515,0.4551512643242912,True,1
176,1.0639834225383509,1.9119348182448437,0.7988286239230257,1.0938642223599824,1.167321139201246,0.9420787443724145,True,1
177,0.1913293954410769,0.4272572199529034,-0.0766000050337147,0.09944220203272576,0.052933416813421515,0.7405915112490521,False,1
178,-0.681324631656197,0.09732886477691666,-0.0766000050337147,-0.8949798182945309,-0.5042604443804907,-0.8041439426967131,False,0
179,-0.8558554370756518,-0.8924562007510436,-0.0766000050337147,-0.3977688081309026,-0.5042604443804907,-0.5522849012925116,False,0
180,-1.4667132560437435,-0.5625278455750569,-0.0766000050337147,0.09944220203272576,-0.5042604443804907,-0.7369815316555913,False,0
181,-1.0303862424951067,-0.06763531281107672,-0.952028633990455,-0.8949798182945309,-1.0614543055744028,-0.30042585988831016,False,0
182,-1.553978658753471,-1.2223845559270303,-0.952028633990455,-0.3977688081309026,0.052933416813421515,-1.2071184089434333,False,0
183,-0.24499761810756004,0.4272572199529034,-0.0766000050337147,0.5966532121963541,0.6101272780073337,0.3376170450023333,False,1
184,-0.07046681268810527,-0.2325994903990701,-0.952028633990455,-0.8949798182945309,0.6101272780073337,-0.46833188749111015,False,0
185,0.889452617118896,0.9221497527168835,0.7988286239230257,1.0938642223599824,1.167321139201246,0.8581257305710129,True,1
186,0.016798590021622126,-0.06763531281107672,-0.0766000050337147,0.09944220203272576,-0.5042604443804907,0.13612981187897094,True,1
187,1.5875758387967152,1.7469706406568504,1.674257252879766,1.0938642223599824,0.052933416813421515,1.412215621660255,True,1
188,1.2385142279578056,1.2520781078928702,1.674257252879766,1.0938642223599824,0.052933416813421515,1.2778907995780144,True,1
189,0.6276564089897139,0.7571855751288902,1.674257252879766,1.5910752325236108,1.724515000395158,0.8077539222901738,True,1
190,0.6276564089897139,0.5922213975408968,1.674257252879766,1.0938642223599824,0.6101272780073337,0.9420787443724145,True,1
191,0.5403910062799865,0.4272572199529034,1.674257252879766,0.5966532121963541,1.724515000395158,0.6398478946873739,True,1
192,0.4531256035702591,1.087113930304877,1.674257252879766,1.0938642223599824,0.6101272780073337,0.572685483646252,True,1
193,1.6748412415064426,1.7469706406568504,1.674257252879766,1.0938642223599824,1.724515000395158,1.5633310465027752,True,1
194,-0.07046681268810527,0.26229304236491,-0.0766000050337147,0.09944220203272576,-0.5042604443804907,0.27045463396121155,False,1
195,-0.8558554370756518,-0.06763531281107672,-0.952028633990455,-0.3977688081309026,0.052933416813421515,-0.1325198322855102,True,1
196,-0.9431208397853792,-0.39756366798706344,-0.952028633990455,-0.3977688081309026,-1.0614543055744028,-0.5690755040527913,False,0
197,-0.5940592289464697,-0.2325994903990701,-0.952028633990455,0.09944220203272576,-1.0614543055744028,-0.45154128473083044,False,0
198,-0.5067938262367422,-0.5625278455750569,-0.0766000050337147,1.0938642223599824,1.167321139201246,-0.2836352571280305,False,0
199,-0.3322630208172874,-0.06763531281107672,-0.0766000050337147,0.5966532121963541,1.167321139201246,0.15292041463925066,False,0
200,0.016798590021622126,-0.7274920231630502,-0.0766000050337147,-0.8949798182945309,-0.5042604443804907,-0.0989386267649508,True,0
201,-0.15773221539783266,0.4272572199529034,-0.952028633990455,0.09944220203272576,-0.5042604443804907,-0.2332634488471884,True,0
202,2.023902852345352,2.076898995832837,1.674257252879766,1.0938642223599824,1.167321139201246,2.2013739513934185,True,1
203,1.5003104360869879,2.076898995832837,1.674257252879766,0.5966532121963541,1.724515000395158,2.1342115403522968,True,1
204,-1.6412440614631982,-0.39756366798706344,-0.0766000050337147,0.09944220203272576,0.6101272780073337,-0.0989386267649508,False,0
205,-1.9030402695923805,-1.3873487335150236,-0.952028633990455,-0.8949798182945309,-0.5042604443804907,-1.5933022724298738,False,0
206,-0.15773221539783266,-1.3873487335150236,-0.952028633990455,0.09944220203272576,-0.5042604443804907,-1.1903278061831537,False,0
207,-0.5940592289464697,-0.8924562007510436,-0.0766000050337147,0.09944220203272576,0.6101272780073337,-0.972049970299513,True,0
208,-1.0303862424951067,-0.2325994903990701,-0.952028633990455,-0.3977688081309026,-0.5042604443804907,-0.7369815316555913,False,0
209,-1.3794478533340162,-0.5625278455750569,-0.0766000050337147,0.09944220203272576,0.6101272780073337,-0.8041439426967131,True,0
210,0.7149218116994412,0.09732886477691666,0.7988286239230257,1.0938642223599824,0.6101272780073337,0.7741727167696144,True,1
211,0.9767180198286235,0.4272572199529034,0.7988286239230257,1.5910752325236108,0.6101272780073337,0.908497538851855,True,1
212,1.8493720469258974,2.076898995832837,0.7988286239230257,1.5910752325236108,1.724515000395158,1.7816088823864173,True,1
213,1.4130450333772604,1.9119348182448437,1.674257252879766,1.5910752325236108,1.167321139201246,1.9830961155097766,True,1
214,1.2385142279578056,1.582006463068857,0.7988286239230257,1.0938642223599824,1.724515000395158,1.3786344161396955,True,1
215,1.1512488252480781,1.4170422854808635,1.674257252879766,1.5910752325236108,1.167321139201246,1.2778907995780144,True,1
216,0.4531256035702591,0.7571855751288902,0.7988286239230257,1.0938642223599824,1.167321139201246,1.1099847719752143,True,1
217,0.36586020086053167,0.26229304236491,0.7988286239230257,0.5966532121963541,0.6101272780073337,0.8917069360915754,True,1
218,0.6276564089897139,0.4272572199529034,0.7988286239230257,-0.3977688081309026,0.052933416813421515,0.6230572919270941,True,1
219,-0.41952842352701486,-0.5625278455750569,-0.0766000050337147,0.09944220203272576,0.052933416813421515,-0.30042585988831016,False,0
220,-0.3322630208172874,-0.7274920231630502,-0.0766000050337147,0.5966532121963541,0.6101272780073337,0.25366403120093184,False,1
221,-0.07046681268810527,0.4272572199529034,-0.0766000050337147,0.09944220203272576,0.6101272780073337,-0.06535742124438843,False,1
222,0.6276564089897139,0.9221497527168835,0.7988286239230257,1.0938642223599824,0.6101272780073337,0.32082644224205065,False,1
223,-0.7685900343659244,0.26229304236491,-0.952028633990455,-0.3977688081309026,0.6101272780073337,-0.2500540516074711,False,0
224,-1.0303862424951067,-0.39756366798706344,-0.952028633990455,-0.3977688081309026,-1.618648166768315,-0.6194473123336305,False,0
225,-1.8157748668826532,-1.3873487335150236,-0.952028633990455,-0.8949798182945309,-1.0614543055744028,-0.9552593675392334,False,0
226,-0.9431208397853792,0.4272572199529034,-0.952028633990455,0.09944220203272576,0.6101272780073337,-0.2500540516074711,False,0
227,-0.41952842352701486,0.4272572199529034,-0.952028633990455,0.09944220203272576,-0.5042604443804907,-0.1157292295252305,False,0
228,0.10406399273134952,0.7571855751288902,-0.0766000050337147,0.5966532121963541,0.052933416813421515,0.11933920911869125,False,0
229,0.6276564089897139,0.5922213975408968,0.7988286239230257,-0.3977688081309026,-0.5042604443804907,0.690219702968213,True,1
230,-0.3322630208172874,-0.5625278455750569,-0.0766000050337147,0.5966532121963541,1.167321139201246,0.08575800359813185,False,0
231,0.1913293954410769,-0.2325994903990701,-0.0766000050337147,0.09944220203272576,-1.0614543055744028,-0.45154128473083044,True,0
232,-0.41952842352701486,-0.06763531281107672,-0.952028633990455,-0.8949798182945309,0.052933416813421515,-0.5522849012925116,False,0
233,-1.117651645204834,-1.2223845559270303,-0.952028633990455,-0.8949798182945309,0.052933416813421515,-0.8880969564981116,False,0
234,1.1512488252480781,0.9221497527168835,1.674257252879766,1.5910752325236108,0.6101272780073337,1.1939377857766158,True,1
235,0.8021872144091686,0.5922213975408968,1.674257252879766,1.0938642223599824,0.6101272780073337,1.0596129636943752,True,1
236,0.7149218116994412,0.7571855751288902,0.7988286239230257,0.5966532121963541,1.167321139201246,0.9588693471326941,True,1
237,1.0639834225383509,1.087113930304877,1.674257252879766,1.0938642223599824,1.724515000395158,0.9924505526532535,True,1
238,-0.5940592289464697,-0.5625278455750569,-0.0766000050337147,-1.3921908284581592,0.052933416813421515,-0.3843788736897117,False,0
239,-1.553978658753471,-1.2223845559270303,-1.8274572629471952,-1.8894018386217877,-1.618648166768315,-1.1903278061831537,False,0
240,-1.8157748668826532,-1.057420378339037,-1.8274572629471952,-0.8949798182945309,-0.5042604443804907,-1.5429304641490347,False,0
241,0.016798590021622126,-0.7274920231630502,-0.952028633990455,-0.8949798182945309,-1.618648166768315,-0.753772134415871,False,0
242,0.6276564089897139,1.2520781078928702,-0.0766000050337147,0.09944220203272576,-0.5042604443804907,0.27045463396121155,True,0
243,0.7149218116994412,1.087113930304877,-0.0766000050337147,0.09944220203272576,-0.5042604443804907,0.7405915112490521,True,1
244,-0.24499761810756004,-0.06763531281107672,-0.952028633990455,-0.8949798182945309,0.6101272780073337,-0.06535742124438843,False,0
245,0.9767180198286235,0.4272572199529034,0.7988286239230257,0.5966532121963541,-1.0614543055744028,0.7070103057284927,True,1
246,-0.07046681268810527,-0.39756366798706344,-0.0766000050337147,-0.3977688081309026,0.052933416813421515,0.22008282568037243,False,0
247,-0.5067938262367422,-0.5625278455750569,-0.952028633990455,-0.8949798182945309,0.052933416813421515,-0.199682243326629,False,0
248,0.6276564089897139,0.4272572199529034,-0.0766000050337147,0.09944220203272576,0.6101272780073337,0.4551512643242912,True,1
249,0.36586020086053167,0.5922213975408968,-0.0766000050337147,0.09944220203272576,0.6101272780073337,0.3879888532831724,True,1
250,0.2785947981508043,-0.5625278455750569,-0.0766000050337147,-0.3977688081309026,-1.0614543055744028,-0.04856681848410872,True,0
251,-0.07046681268810527,-1.3873487335150236,-0.952028633990455,-0.8949798182945309,-0.5042604443804907,0.6734291002079332,False,0
252,0.10406399273134952,-1.2223845559270303,-0.952028633990455,-0.8949798182945309,0.052933416813421515,-0.0989386267649508,True,0
253,1.5875758387967152,1.2520781078928702,0.7988286239230257,1.0938642223599824,1.167321139201246,1.8151900879069767,True,1
254,0.36586020086053167,1.087113930304877,0.7988286239230257,0.5966532121963541,1.724515000395158,0.8749163333312926,False,1
255,-0.8558554370756518,0.4272572199529034,0.7988286239230257,0.5966532121963541,1.167321139201246,-0.3843788736897117,False,1
256,-0.681324631656197,-1.3873487335150236,-0.0766000050337147,0.5966532121963541,0.6101272780073337,-0.06535742124438843,False,1
257,0.6276564089897139,-1.2223845559270303,-0.0766000050337147,0.5966532121963541,1.724515000395158,0.06896740083785215,True,1
258,0.8021872144091686,-0.8924562007510436,0.7988286239230257,1.5910752325236108,1.724515000395158,0.27045463396121155,True,1
259,1.2385142279578056,1.9119348182448437,0.7988286239230257,1.5910752325236108,1.167321139201246,1.244309594057455,True,1
260,0.889452617118896,0.09732886477691666,1.674257252879766,1.5910752325236108,0.052933416813421515,0.8917069360915754,True,1
261,-0.41952842352701486,-0.5625278455750569,-0.0766000050337147,0.09944220203272576,0.6101272780073337,-0.8545157509775522,False,0
262,-0.7685900343659244,-0.7274920231630502,-0.952028633990455,-0.8949798182945309,0.6101272780073337,-0.40116947644999135,True,0
263,0.6276564089897139,0.5922213975408968,-0.0766000050337147,-0.8949798182945309,-2.175842027962227,0.32082644224205065,True,0
264,0.7149218116994412,0.4272572199529034,-0.952028633990455,-0.3977688081309026,-1.0614543055744028,0.27045463396121155,True,1
265,-0.3322630208172874,-0.8924562007510436,-0.0766000050337147,-0.8949798182945309,-1.0614543055744028,0.13612981187897094,False,0
266,-0.41952842352701486,-0.39756366798706344,-0.952028633990455,-1.3921908284581592,-1.0614543055744028,-0.2500540516074711,False,0
267,-0.24499761810756004,-0.06763531281107672,-0.0766000050337147,-0.3977688081309026,0.052933416813421515,-0.7201909288953117,True,0
268,0.889452617118896,0.9221497527168835,0.7988286239230257,1.0938642223599824,1.724515000395158,0.908497538851855,False,1
269,-0.7685900343659244,0.09732886477691666,0.7988286239230257,1.0938642223599824,1.724515000395158,-0.4347506819705508,False,1
270,-0.9431208397853792,-0.39756366798706344,-0.952028633990455,-0.8949798182945309,-0.5042604443804907,-0.6362379150939101,True,0
271,-1.553978658753471,-1.8822412662790038,-0.952028633990455,-1.8894018386217877,-1.618648166768315,-1.2406996144639928,False,0
272,-1.990305672302108,-2.0472054438669973,-1.8274572629471952,-1.8894018386217877,-2.175842027962227,-1.610092875190155,False,0
273,-0.41952842352701486,-1.3873487335150236,-1.8274572629471952,-2.386612848785416,-2.175842027962227,-0.9888405730597928,True,0
274,-0.15773221539783266,-1.2223845559270303,-1.8274572629471952,-1.3921908284581592,-1.0614543055744028,-1.0895841896214724,False,0
275,0.4531256035702591,0.4272572199529034,-0.0766000050337147,0.09944220203272576,-0.5042604443804907,0.6062666891668145,True,1
276,1.0639834225383509,0.9221497527168835,1.674257252879766,1.5910752325236108,1.167321139201246,1.4290062244205346,True,1
277,0.2785947981508043,-1.057420378339037,-0.952028633990455,-0.8949798182945309,-0.5042604443804907,0.03538619531728977,False,0
278,-0.7685900343659244,-0.7274920231630502,-0.952028633990455,-0.3977688081309026,0.052933416813421515,-0.1828916405663493,False,0
279,-1.117651645204834,-0.8924562007510436,-0.952028633990455,-0.3977688081309026,0.6101272780073337,0.22008282568037243,False,0
280,-0.5067938262367422,-0.8924562007510436,-0.0766000050337147,1.0938642223599824,0.6101272780073337,0.06896740083785215,True,0
281,0.016798590021622126,0.4272572199529034,-0.0766000050337147,0.5966532121963541,1.167321139201246,0.8581257305710129,True,1
282,-0.41952842352701486,-0.2325994903990701,-0.0766000050337147,0.5966532121963541,0.052933416813421515,0.32082644224205065,True,1
283,0.36586020086053167,0.5922213975408968,-0.0766000050337147,-0.8949798182945309,-0.5042604443804907,0.5055230726051333,True,1
284,2.023902852345352,0.7571855751288902,0.7988286239230257,1.5910752325236108,1.167321139201246,1.7816088823864173,True,1
285,1.2385142279578056,1.4170422854808635,1.674257252879766,0.5966532121963541,0.6101272780073337,1.1099847719752143,True,1
286,1.6748412415064426,1.7469706406568504,1.674257252879766,1.0938642223599824,0.6101272780073337,0.9924505526532535,True,1
287,0.6276564089897139,1.087113930304877,1.674257252879766,1.5910752325236108,1.167321139201246,0.8077539222901738,True,1
288,-0.24499761810756004,-0.5625278455750569,0.7988286239230257,1.5910752325236108,1.724515000395158,0.7070103057284927,False,1
289,-0.3322630208172874,0.26229304236491,-0.0766000050337147,0.5966532121963541,0.052933416813421515,0.6734291002079332,False,1
290,-0.8558554370756518,-0.39756366798706344,-0.952028633990455,-0.8949798182945309,-0.5042604443804907,-1.5933022724298738,False,0
291,-1.4667132560437435,-0.8924562007510436,-0.952028633990455,-1.8894018386217877,-1.618648166768315,-1.223909011703713,False,0
292,-1.2921824506242887,-1.3873487335150236,-0.952028633990455,-2.386612848785416,-1.618648166768315,-1.056002984100913,False,0
293,-0.41952842352701486,-1.5523129111030172,-1.8274572629471952,0.09944220203272576,-0.5042604443804907,-0.7034003261350319,True,0
294,-0.07046681268810527,-1.057420378339037,-0.952028633990455,-0.8949798182945309,-1.618648166768315,-0.46833188749111015,True,0
295,0.016798590021622126,-1.2223845559270303,-0.952028633990455,-0.3977688081309026,-1.0614543055744028,-0.04856681848410872,False,0
296,-0.5940592289464697,-0.06763531281107672,-0.0766000050337147,0.09944220203272576,0.052933416813421515,0.11933920911869125,False,1
297,0.2785947981508043,2.076898995832837,-0.0766000050337147,0.5966532121963541,1.167321139201246,0.8581257305710129,False,1
298,1.1512488252480781,1.087113930304877,-0.0766000050337147,1.0938642223599824,1.167321139201246,1.076403566454655,True,1
299,-1.0303862424951067,0.7571855751288902,-0.0766000050337147,-0.3977688081309026,0.052933416813421515,0.08575800359813185,False,0
300,-0.681324631656197,-0.2325994903990701,-0.952028633990455,-0.8949798182945309,-1.0614543055744028,-1.0056311758200724,False,0
301,0.1913293954410769,0.09732886477691666,-0.952028633990455,-0.8949798182945309,-0.5042604443804907,0.27045463396121155,False,0
302,0.4531256035702591,-0.39756366798706344,-0.952028633990455,-0.3977688081309026,-0.5042604443804907,-0.2500540516074711,True,0
303,0.5403910062799865,-0.06763531281107672,-0.0766000050337147,0.09944220203272576,0.052933416813421515,-0.08214802400466813,True,0
304,-0.3322630208172874,-0.2325994903990701,-0.952028633990455,-0.8949798182945309,-1.618648166768315,-0.2836352571280305,False,0
305,0.36586020086053167,0.26229304236491,-0.0766000050337147,0.09944220203272576,0.052933416813421515,0.3376170450023333,True,0
306,0.5403910062799865,0.4272572199529034,-0.0766000050337147,0.5966532121963541,0.052933416813421515,0.8413351278107333,True,1
307,0.7149218116994412,0.7571855751288902,0.7988286239230257,0.5966532121963541,0.6101272780073337,0.6734291002079332,True,1
308,-0.41952842352701486,0.09732886477691666,-0.0766000050337147,0.09944220203272576,-0.5042604443804907,-0.1157292295252305,False,0
309,-0.7685900343659244,0.4272572199529034,0.7988286239230257,0.09944220203272576,-0.5042604443804907,0.0018049897967303734,False,0
310,0.2785947981508043,-0.5625278455750569,-0.0766000050337147,-0.3977688081309026,0.052933416813421515,0.23687342844065212,True,1
311,0.9767180198286235,0.09732886477691666,0.7988286239230257,1.0938642223599824,0.6101272780073337,0.9756599498929738,True,1
312,-0.5067938262367422,-0.06763531281107672,0.7988286239230257,1.0938642223599824,1.167321139201246,0.6734291002079332,True,1
313,-1.3794478533340162,-1.2223845559270303,-0.0766000050337147,0.09944220203272576,-0.5042604443804907,-0.9384687647789537,False,0
314,-1.0303862424951067,-0.39756366798706344,-0.952028633990455,-0.3977688081309026,0.6101272780073337,-0.7873533399364304,False,0
315,-0.7685900343659244,-0.5625278455750569,-0.952028633990455,-0.8949798182945309,-0.5042604443804907,-0.8880969564981116,False,0
316,-1.6412440614631982,-1.057420378339037,-0.952028633990455,-1.8894018386217877,-1.618648166768315,-1.2406996144639928,False,0
317,-1.4667132560437435,-1.3873487335150236,-1.8274572629471952,-2.386612848785416,-1.0614543055744028,-0.9888405730597928,False,0
318,0.6276564089897139,0.5922213975408968,-0.0766000050337147,-0.8949798182945309,-1.618648166768315,0.3376170450023333,True,1
319,0.889452617118896,0.9221497527168835,0.7988286239230257,0.09944220203272576,-0.5042604443804907,0.15292041463925066,True,1
320,0.016798590021622126,-0.2325994903990701,-0.0766000050337147,0.5966532121963541,0.052933416813421515,-0.1661010378060696,True,1
321,0.5403910062799865,-0.5625278455750569,-0.0766000050337147,0.5966532121963541,0.6101272780073337,-0.2668446543677508,True,0
322,-0.24499761810756004,-0.06763531281107672,-0.952028633990455,-0.8949798182945309,0.6101272780073337,-0.5522849012925116,False,0
323,-1.0303862424951067,-0.8924562007510436,-0.952028633990455,-1.3921908284581592,-1.0614543055744028,-0.7034003261350319,False,0
324,-0.15773221539783266,-0.5625278455750569,-0.0766000050337147,-0.3977688081309026,-1.0614543055744028,-0.45154128473083044,False,0
325,0.8021872144091686,1.4170422854808635,-0.0766000050337147,0.09944220203272576,0.6101272780073337,0.908497538851855,True,1
326,-1.553978658753471,-1.2223845559270303,-0.0766000050337147,-1.3921908284581592,-1.618648166768315,-0.972049970299513,False,0
327,-1.9030402695923805,-1.057420378339037,-0.952028633990455,-0.8949798182945309,-1.618648166768315,-1.2406996144639928,False,0
328,0.6276564089897139,0.7571855751288902,0.7988286239230257,0.5966532121963541,0.052933416813421515,0.2872452367214912,True,1
329,-1.7285094641729257,-1.8822412662790038,-0.952028633990455,-0.8949798182945309,-2.175842027962227,-1.1903278061831537,False,0
330,0.889452617118896,0.9221497527168835,-0.0766000050337147,0.09944220203272576,-0.5042604443804907,0.10254860635841155,True,1
331,-0.5067938262367422,-0.39756366798706344,-0.952028633990455,-0.3977688081309026,-1.618648166768315,-0.8041439426967131,True,0
332,-0.7685900343659244,-0.2325994903990701,-0.0766000050337147,0.09944220203272576,-1.0614543055744028,-0.6530285178541898,True,1
333,0.1913293954410769,0.09732886477691666,-0.0766000050337147,-0.3977688081309026,0.052933416813421515,-0.0989386267649508,True,0
334,-0.41952842352701486,-0.06763531281107672,0.7988286239230257,1.0938642223599824,0.6101272780073337,0.08575800359813185,True,0
335,0.7149218116994412,0.5922213975408968,0.7988286239230257,0.5966532121963541,1.167321139201246,0.8581257305710129,True,1
336,0.1913293954410769,0.4272572199529034,-0.0766000050337147,-0.3977688081309026,-1.0614543055744028,0.32082644224205065,False,0
337,1.3257796306675331,1.7469706406568504,1.674257252879766,1.5910752325236108,1.724515000395158,1.462587429941097,True,1
338,0.5403910062799865,0.09732886477691666,1.674257252879766,0.5966532121963541,0.6101272780073337,0.23687342844065212,True,1
339,0.6276564089897139,-0.06763531281107672,1.674257252879766,0.09944220203272576,0.6101272780073337,0.10254860635841155,True,1
340,-0.41952842352701486,-0.06763531281107672,-0.0766000050337147,-0.3977688081309026,-0.5042604443804907,-0.2332634488471884,True,1
341,0.8021872144091686,0.4272572199529034,-0.0766000050337147,0.09944220203272576,0.052933416813421515,0.27045463396121155,True,1
342,-0.7685900343659244,-0.2325994903990701,-0.0766000050337147,-0.3977688081309026,-0.5042604443804907,-0.6026567095733507,False,0
343,-1.0303862424951067,-0.7274920231630502,-0.952028633990455,-0.8949798182945309,0.052933416813421515,-0.7873533399364304,False,0
344,-1.9030402695923805,-1.8822412662790038,-0.952028633990455,-1.8894018386217877,-1.618648166768315,-2.1138109579985565,False,0
345,-0.07046681268810527,-1.5523129111030172,-1.8274572629471952,-1.8894018386217877,-1.618648166768315,-1.9626955331560363,False,0
346,-1.117651645204834,-1.7172770886910105,-0.952028633990455,-1.8894018386217877,-1.618648166768315,-1.610092875190155,False,0
347,-1.553978658753471,-2.2121696214549904,-1.8274572629471952,-2.386612848785416,-2.7330358891561395,-2.1138109579985565,False,0
348,-1.2921824506242887,-1.3873487335150236,-1.8274572629471952,-1.3921908284581592,-1.618648166768315,-2.2649263828410766,False,0
349,-0.3322630208172874,-1.057420378339037,-0.0766000050337147,-0.8949798182945309,-0.5042604443804907,-0.9384687647789537,False,0
350,0.10406399273134952,-0.06763531281107672,-0.0766000050337147,-0.3977688081309026,0.052933416813421515,-0.5522849012925116,True,0
351,0.7149218116994412,0.4272572199529034,0.7988286239230257,0.09944220203272576,0.6101272780073337,0.11933920911869125,True,0
352,-1.2049170479145614,-1.2223845559270303,-0.952028633990455,-0.3977688081309026,0.052933416813421515,-0.9048875592583913,True,0
353,-1.4667132560437435,-0.8924562007510436,-0.0766000050337147,0.09944220203272576,-1.0614543055744028,-0.7201909288953117,False,0
354,-1.7285094641729257,-1.5523129111030172,-0.952028633990455,-0.8949798182945309,-0.5042604443804907,-1.5597210669093144,False,0
355,0.016798590021622126,-0.2325994903990701,-0.952028633990455,-1.3921908284581592,0.052933416813421515,-0.8041439426967131,False,0
356,0.889452617118896,0.26229304236491,-0.0766000050337147,0.09944220203272576,0.6101272780073337,0.2872452367214912,True,1
357,-1.3794478533340162,-0.5625278455750569,-0.952028633990455,0.09944220203272576,0.052933416813421515,-1.1903278061831537,True,0
358,-0.24499761810756004,-0.39756366798706344,-0.952028633990455,-0.8949798182945309,-1.618648166768315,-1.610092875190155,False,0
359,0.36586020086053167,-0.06763531281107672,-0.952028633990455,-1.3921908284581592,-2.175842027962227,-0.2668446543677508,False,1
360,0.4531256035702591,0.4272572199529034,-0.0766000050337147,0.5966532121963541,1.724515000395158,0.06896740083785215,True,1
361,1.5003104360869879,1.4170422854808635,0.7988286239230257,0.5966532121963541,0.052933416813421515,1.580121649263055,True,1
362,1.8493720469258974,1.2520781078928702,1.674257252879766,1.0938642223599824,1.724515000395158,1.0596129636943752,True,1
363,-0.9431208397853792,-0.7274920231630502,-0.952028633990455,-0.8949798182945309,-0.5042604443804907,-0.40116947644999135,False,0
364,-0.3322630208172874,-0.8924562007510436,-0.0766000050337147,0.09944220203272576,0.6101272780073337,0.5055230726051333,True,1
365,1.1512488252480781,1.087113930304877,0.7988286239230257,1.0938642223599824,-0.5042604443804907,0.9588693471326941,True,1
366,0.2785947981508043,-0.5625278455750569,-0.0766000050337147,0.09944220203272576,1.167321139201246,-0.4347506819705508,True,0
367,-0.5067938262367422,-1.5523129111030172,-1.8274572629471952,-2.386612848785416,-1.0614543055744028,-1.9123237248751956,False,0
368,-1.6412440614631982,-2.5420979766309775,-1.8274572629471952,-1.3921908284581592,-1.618648166768315,-1.2071184089434333,False,0
369,-1.3794478533340162,-1.5523129111030172,-1.8274572629471952,-1.3921908284581592,-0.5042604443804907,-0.9552593675392334,True,0
370,-0.5940592289464697,-0.7274920231630502,-0.952028633990455,-0.8949798182945309,-1.0614543055744028,-0.6026567095733507,False,0
371,0.6276564089897139,0.4272572199529034,-0.0766000050337147,0.09944220203272576,-0.5042604443804907,1.0428223609340956,True,1
372,1.6748412415064426,1.9119348182448437,0.7988286239230257,1.0938642223599824,0.6101272780073337,1.7144464713452956,True,1
373,0.36586020086053167,0.26229304236491,-0.0766000050337147,-0.3977688081309026,-0.5042604443804907,-0.0989386267649508,True,1
374,-0.15773221539783266,-0.39756366798706344,-0.952028633990455,-1.3921908284581592,-1.0614543055744028,-1.5933022724298738,False,0
375,-1.117651645204834,-1.057420378339037,-0.952028633990455,-1.3921908284581592,-1.0614543055744028,-1.5765116696695942,False,0
376,-1.7285094641729257,-1.8822412662790038,-0.952028633990455,-0.8949798182945309,-1.618648166768315,-1.9626955331560363,False,0
377,-2.3393672831410175,-1.2223845559270303,-1.8274572629471952,-1.8894018386217877,-1.618648166768315,-1.7444176972723957,False,0
378,-1.2049170479145614,-1.5523129111030172,-1.8274572629471952,-1.3921908284581592,-1.0614543055744028,-1.5933022724298738,False,0
379,-0.5067938262367422,-1.3873487335150236,-1.8274572629471952,-0.8949798182945309,-0.5042604443804907,-0.2836352571280305,True,0
380,0.4531256035702591,-0.5625278455750569,-0.0766000050337147,0.09944220203272576,0.6101272780073337,0.4047794560434521,True,1
381,0.1913293954410769,-0.39756366798706344,-0.0766000050337147,-0.3977688081309026,0.052933416813421515,0.11933920911869125,True,0
382,0.6276564089897139,0.4272572199529034,0.7988286239230257,1.0938642223599824,0.6101272780073337,0.9252881416121347,True,1
383,-1.4667132560437435,-1.2223845559270303,-0.0766000050337147,-0.3977688081309026,0.052933416813421515,-0.5690755040527913,False,0
384,2.023902852345352,0.9221497527168835,0.7988286239230257,1.5910752325236108,1.724515000395158,1.915933704468658,True,1
385,1.5875758387967152,1.582006463068857,1.674257252879766,1.5910752325236108,1.724515000395158,2.0502585265508984,True,1
386,-1.2921824506242887,-1.057420378339037,-0.952028633990455,-0.8949798182945309,0.052933416813421515,-1.0727935868611929,False,0
387,-0.8558554370756518,-0.39756366798706344,-0.952028633990455,-1.3921908284581592,0.052933416813421515,-0.8377251482172725,False,0
388,-1.8157748668826532,-1.7172770886910105,-0.952028633990455,-1.8894018386217877,-1.618648166768315,-1.3414432310256739,False,0
389,0.2785947981508043,0.09732886477691666,-0.0766000050337147,0.09944220203272576,0.6101272780073337,-0.2668446543677508,True,1
390,-0.24499761810756004,-0.8924562007510436,-0.952028633990455,-1.3921908284581592,-1.0614543055744028,-0.6026567095733507,False,0
391,0.10406399273134952,-0.2325994903990701,-0.0766000050337147,-1.3921908284581592,-0.5042604443804907,0.08575800359813185,False,0
392,0.8021872144091686,0.7571855751288902,0.7988286239230257,0.5966532121963541,0.052933416813421515,0.8749163333312926,True,1
393,0.016798590021622126,-0.5625278455750569,-0.952028633990455,-0.3977688081309026,-0.5042604443804907,0.27045463396121155,False,1
394,1.0639834225383509,0.5922213975408968,0.7988286239230257,1.0938642223599824,0.6101272780073337,1.0596129636943752,True,1
395,0.6276564089897139,0.4272572199529034,-0.0766000050337147,0.09944220203272576,0.052933416813421515,0.7405915112490521,True,1
396,0.7149218116994412,-0.06763531281107672,-0.0766000050337147,-0.3977688081309026,0.052933416813421515,0.8581257305710129,True,1
397,1.1512488252480781,1.4170422854808635,0.7988286239230257,1.5910752325236108,1.167321139201246,1.4290062244205346,True,1
398,-0.41952842352701486,-0.7274920231630502,-0.0766000050337147,0.09944220203272576,0.6101272780073337,0.30403583948177093,False,0
399,1.4130450333772604,1.582006463068857,0.7988286239230257,1.5910752325236108,0.6101272780073337,1.7816088823864173,True,1
